{
  "model": "linear_svm",
  "created_at": "2026-05-10T02:08:22",
  "labels": [
    "공원",
    "문화",
    "쇼핑",
    "술집",
    "식당",
    "운동",
    "카페"
  ],
  "dataset": {
    "train": "data/category_classifier/places365_v1/processed_service_prompt/train.jsonl",
    "valid": "data/category_classifier/places365_v1/processed_service_prompt/valid.jsonl",
    "test": "data/category_classifier/places365_v1/processed_service_prompt/test.jsonl",
    "train_size": 2040,
    "valid_size": 255,
    "test_size": 255
  },
  "params": {
    "max_features": 20000,
    "min_df": 1,
    "max_df": 0.95,
    "ngram_max": 2,
    "alpha": 1.0,
    "c": 1.0,
    "max_iter": 1000,
    "solver": "lbfgs",
    "class_weight": null
  },
  "valid": {
    "accuracy": 0.6039215686274509,
    "precision_weighted": 0.6221647225323697,
    "recall_weighted": 0.6039215686274509,
    "f1_weighted": 0.6090593506318198,
    "precision_macro": 0.6157845131059416,
    "recall_macro": 0.5916553287981859,
    "f1_macro": 0.5993044578191901,
    "classification_report": {
      "공원": {
        "precision": 0.71875,
        "recall": 0.6571428571428571,
        "f1-score": 0.6865671641791045,
        "support": 35.0
      },
      "문화": {
        "precision": 0.5909090909090909,
        "recall": 0.5777777777777777,
        "f1-score": 0.5842696629213483,
        "support": 45.0
      },
      "쇼핑": {
        "precision": 0.85,
        "recall": 0.68,
        "f1-score": 0.7555555555555555,
        "support": 25.0
      },
      "술집": {
        "precision": 0.42857142857142855,
        "recall": 0.36,
        "f1-score": 0.391304347826087,
        "support": 25.0
      },
      "식당": {
        "precision": 0.4358974358974359,
        "recall": 0.5666666666666667,
        "f1-score": 0.4927536231884058,
        "support": 30.0
      },
      "운동": {
        "precision": 0.7954545454545454,
        "recall": 0.7,
        "f1-score": 0.7446808510638298,
        "support": 50.0
      },
      "카페": {
        "precision": 0.4909090909090909,
        "recall": 0.6,
        "f1-score": 0.54,
        "support": 45.0
      },
      "accuracy": 0.6039215686274509,
      "macro avg": {
        "precision": 0.6157845131059416,
        "recall": 0.5916553287981859,
        "f1-score": 0.5993044578191901,
        "support": 255.0
      },
      "weighted avg": {
        "precision": 0.6221647225323697,
        "recall": 0.6039215686274509,
        "f1-score": 0.6090593506318198,
        "support": 255.0
      }
    }
  },
  "test": {
    "accuracy": 0.6588235294117647,
    "precision_weighted": 0.6565424287987888,
    "recall_weighted": 0.6588235294117647,
    "f1_weighted": 0.656883952480343,
    "precision_macro": 0.648055914672408,
    "recall_macro": 0.6499773242630386,
    "f1_macro": 0.6480027305287672,
    "classification_report": {
      "공원": {
        "precision": 0.7575757575757576,
        "recall": 0.7142857142857143,
        "f1-score": 0.7352941176470589,
        "support": 35.0
      },
      "문화": {
        "precision": 0.574468085106383,
        "recall": 0.6,
        "f1-score": 0.5869565217391305,
        "support": 45.0
      },
      "쇼핑": {
        "precision": 0.7777777777777778,
        "recall": 0.84,
        "f1-score": 0.8076923076923077,
        "support": 25.0
      },
      "술집": {
        "precision": 0.47619047619047616,
        "recall": 0.4,
        "f1-score": 0.43478260869565216,
        "support": 25.0
      },
      "식당": {
        "precision": 0.5454545454545454,
        "recall": 0.6,
        "f1-score": 0.5714285714285714,
        "support": 30.0
      },
      "운동": {
        "precision": 0.8235294117647058,
        "recall": 0.84,
        "f1-score": 0.8316831683168316,
        "support": 50.0
      },
      "카페": {
        "precision": 0.5813953488372093,
        "recall": 0.5555555555555556,
        "f1-score": 0.5681818181818182,
        "support": 45.0
      },
      "accuracy": 0.6588235294117647,
      "macro avg": {
        "precision": 0.648055914672408,
        "recall": 0.6499773242630386,
        "f1-score": 0.6480027305287672,
        "support": 255.0
      },
      "weighted avg": {
        "precision": 0.6565424287987888,
        "recall": 0.6588235294117647,
        "f1-score": 0.656883952480343,
        "support": 255.0
      }
    }
  }
}