{
  "created_at": "2026-05-09T23:37:55",
  "input_jsonl": "data_places365/processed/test.jsonl",
  "rows": 255,
  "labels": [
    "카페",
    "식당",
    "술집",
    "문화",
    "운동",
    "쇼핑",
    "공원",
    "기타"
  ],
  "direct_labels": [
    "카페",
    "식당",
    "술집",
    "문화",
    "운동",
    "쇼핑",
    "공원",
    "기타"
  ],
  "direct_prompt_path": "experiments/gemma_category_compare/prompt_json_strict.txt",
  "direct_prompt_hash": "ef9edbb45b88",
  "methods": {
    "classifier_existing_draft": {
      "accuracy": 0.9411764705882353,
      "precision_weighted": 0.9422588947463791,
      "recall_weighted": 0.9411764705882353,
      "f1_weighted": 0.9409666870891206,
      "precision_macro": 0.946094301679408,
      "recall_macro": 0.9368707482993198,
      "f1_macro": 0.9406167289068682,
      "classification_report": {
        "카페": {
          "precision": 0.9361702127659575,
          "recall": 0.9777777777777777,
          "f1-score": 0.9565217391304347,
          "support": 45.0
        },
        "식당": {
          "precision": 0.9333333333333333,
          "recall": 0.9333333333333333,
          "f1-score": 0.9333333333333333,
          "support": 30.0
        },
        "술집": {
          "precision": 0.9545454545454546,
          "recall": 0.84,
          "f1-score": 0.8936170212765958,
          "support": 25.0
        },
        "문화": {
          "precision": 0.8958333333333334,
          "recall": 0.9555555555555556,
          "f1-score": 0.924731182795699,
          "support": 45.0
        },
        "운동": {
          "precision": 0.9583333333333334,
          "recall": 0.92,
          "f1-score": 0.9387755102040817,
          "support": 50.0
        },
        "쇼핑": {
          "precision": 1.0,
          "recall": 0.96,
          "f1-score": 0.9795918367346939,
          "support": 25.0
        },
        "공원": {
          "precision": 0.9444444444444444,
          "recall": 0.9714285714285714,
          "f1-score": 0.9577464788732395,
          "support": 35.0
        },
        "기타": {
          "precision": 0.0,
          "recall": 0.0,
          "f1-score": 0.0,
          "support": 0.0
        },
        "micro avg": {
          "precision": 0.9411764705882353,
          "recall": 0.9411764705882353,
          "f1-score": 0.9411764705882353,
          "support": 255.0
        },
        "macro avg": {
          "precision": 0.8278325139694821,
          "recall": 0.8197619047619047,
          "f1-score": 0.8230396377935097,
          "support": 255.0
        },
        "weighted avg": {
          "precision": 0.942258894746379,
          "recall": 0.9411764705882353,
          "f1-score": 0.9409666870891205,
          "support": 255.0
        }
      },
      "method": "classifier_existing_draft",
      "rows": 255,
      "time": {
        "count": 255,
        "total_seconds": 0.174144,
        "mean_seconds": 0.000683,
        "median_seconds": 0.000674,
        "p95_seconds": 0.00078,
        "min_seconds": 0.000634,
        "max_seconds": 0.001228
      },
      "parse_success_rate": null,
      "consistency": {
        "groups": 255,
        "repeated_groups": 0,
        "consistent_groups": null,
        "consistency_rate": null
      }
    }
  }
}