{
  "model": "linear_svm",
  "created_at": "2026-05-11T12:19:44",
  "labels": [
    "공원",
    "문화",
    "쇼핑",
    "술집",
    "식당",
    "운동",
    "카페"
  ],
  "dataset": {
    "train": "data/category_classifier/places365_v2/processed/train.jsonl",
    "valid": "data/category_classifier/places365_v2/processed/valid.jsonl",
    "test": "data/category_classifier/places365_v2/processed/test.jsonl",
    "train_size": 2747,
    "valid_size": 339,
    "test_size": 339
  },
  "params": {
    "max_features": 20000,
    "min_df": 1,
    "max_df": 0.95,
    "ngram_max": 2,
    "alpha": 1.0,
    "c": 1.0,
    "max_iter": 2000,
    "solver": "lbfgs",
    "class_weight": null
  },
  "valid": {
    "accuracy": 0.8436578171091446,
    "precision_weighted": 0.8438588589734306,
    "recall_weighted": 0.8436578171091446,
    "f1_weighted": 0.8432434898640732,
    "precision_macro": 0.8507336675939252,
    "recall_macro": 0.8326865927516643,
    "f1_macro": 0.8410587298151507,
    "classification_report": {
      "공원": {
        "precision": 0.8709677419354839,
        "recall": 0.9310344827586207,
        "f1-score": 0.9,
        "support": 87.0
      },
      "문화": {
        "precision": 0.9375,
        "recall": 0.8823529411764706,
        "f1-score": 0.9090909090909091,
        "support": 34.0
      },
      "쇼핑": {
        "precision": 0.7741935483870968,
        "recall": 0.7741935483870968,
        "f1-score": 0.7741935483870968,
        "support": 62.0
      },
      "술집": {
        "precision": 0.9444444444444444,
        "recall": 0.85,
        "f1-score": 0.8947368421052632,
        "support": 20.0
      },
      "식당": {
        "precision": 0.71875,
        "recall": 0.696969696969697,
        "f1-score": 0.7076923076923077,
        "support": 33.0
      },
      "운동": {
        "precision": 0.8979591836734694,
        "recall": 0.8979591836734694,
        "f1-score": 0.8979591836734694,
        "support": 49.0
      },
      "카페": {
        "precision": 0.8113207547169812,
        "recall": 0.7962962962962963,
        "f1-score": 0.8037383177570094,
        "support": 54.0
      },
      "accuracy": 0.8436578171091446,
      "macro avg": {
        "precision": 0.8507336675939252,
        "recall": 0.8326865927516643,
        "f1-score": 0.8410587298151507,
        "support": 339.0
      },
      "weighted avg": {
        "precision": 0.8438588589734306,
        "recall": 0.8436578171091446,
        "f1-score": 0.8432434898640732,
        "support": 339.0
      }
    }
  },
  "test": {
    "accuracy": 0.855457227138643,
    "precision_weighted": 0.8563665704465446,
    "recall_weighted": 0.855457227138643,
    "f1_weighted": 0.8544071056271734,
    "precision_macro": 0.8548543675014464,
    "recall_macro": 0.8313009064320712,
    "f1_macro": 0.8410366132642543,
    "classification_report": {
      "공원": {
        "precision": 0.8602150537634409,
        "recall": 0.9195402298850575,
        "f1-score": 0.888888888888889,
        "support": 87.0
      },
      "문화": {
        "precision": 0.896551724137931,
        "recall": 0.7647058823529411,
        "f1-score": 0.8253968253968255,
        "support": 34.0
      },
      "쇼핑": {
        "precision": 0.8636363636363636,
        "recall": 0.9193548387096774,
        "f1-score": 0.890625,
        "support": 62.0
      },
      "술집": {
        "precision": 0.8823529411764706,
        "recall": 0.75,
        "f1-score": 0.8108108108108107,
        "support": 20.0
      },
      "식당": {
        "precision": 0.7428571428571429,
        "recall": 0.7878787878787878,
        "f1-score": 0.7647058823529412,
        "support": 33.0
      },
      "운동": {
        "precision": 0.9183673469387755,
        "recall": 0.9183673469387755,
        "f1-score": 0.9183673469387755,
        "support": 49.0
      },
      "카페": {
        "precision": 0.82,
        "recall": 0.7592592592592593,
        "f1-score": 0.7884615384615384,
        "support": 54.0
      },
      "accuracy": 0.855457227138643,
      "macro avg": {
        "precision": 0.8548543675014464,
        "recall": 0.8313009064320712,
        "f1-score": 0.8410366132642543,
        "support": 339.0
      },
      "weighted avg": {
        "precision": 0.8563665704465446,
        "recall": 0.855457227138643,
        "f1-score": 0.8544071056271734,
        "support": 339.0
      }
    }
  }
}